State,Year,Citizenship,Status,Gender,Level,Count,Latitude,Longitude
Australian Capital Territory,2017,Domestic,Beginning,Female,Postgraduate,1737,-35.4618,148.983
Australian Capital Territory,2018,Domestic,Beginning,Female,Postgraduate,1643,-35.4618,148.983
Australian Capital Territory,2019,Domestic,Beginning,Female,Postgraduate,1637,-35.4618,148.983
Australian Capital Territory,2020,Domestic,Beginning,Female,Postgraduate,1682,-35.4618,148.983
Australian Capital Territory,2021,Domestic,Beginning,Female,Postgraduate,1680,-35.4618,148.983
Australian Capital Territory,2017,Domestic,Beginning,Female,Undergraduate,4084,-35.4618,148.983
Australian Capital Territory,2018,Domestic,Beginning,Female,Undergraduate,3760,-35.4618,148.983
Australian Capital Territory,2019,Domestic,Beginning,Female,Undergraduate,3956,-35.4618,148.983
Australian Capital Territory,2020,Domestic,Beginning,Female,Undergraduate,3422,-35.4618,148.983
Australian Capital Territory,2021,Domestic,Beginning,Female,Undergraduate,4315,-35.4618,148.983
Australian Capital Territory,2017,Domestic,Beginning,Male,Postgraduate,1466,-35.4618,148.983
Australian Capital Territory,2018,Domestic,Beginning,Male,Postgraduate,1352,-35.4618,148.983
Australian Capital Territory,2019,Domestic,Beginning,Male,Postgraduate,1266,-35.4618,148.983
Australian Capital Territory,2020,Domestic,Beginning,Male,Postgraduate,1292,-35.4618,148.983
Australian Capital Territory,2021,Domestic,Beginning,Male,Postgraduate,1321,-35.4618,148.983
Australian Capital Territory,2017,Domestic,Beginning,Male,Undergraduate,3557,-35.4618,148.983
Australian Capital Territory,2018,Domestic,Beginning,Male,Undergraduate,3175,-35.4618,148.983
Australian Capital Territory,2019,Domestic,Beginning,Male,Undergraduate,3184,-35.4618,148.983
Australian Capital Territory,2020,Domestic,Beginning,Male,Undergraduate,2780,-35.4618,148.983
Australian Capital Territory,2021,Domestic,Beginning,Male,Undergraduate,3335,-35.4618,148.983
Australian Capital Territory,2017,Domestic,Continuing,Female,Postgraduate,1257,-35.4618,148.983
Australian Capital Territory,2018,Domestic,Continuing,Female,Postgraduate,1190,-35.4618,148.983
Australian Capital Territory,2019,Domestic,Continuing,Female,Postgraduate,1328,-35.4618,148.983
Australian Capital Territory,2020,Domestic,Continuing,Female,Postgraduate,1188,-35.4618,148.983
Australian Capital Territory,2021,Domestic,Continuing,Female,Postgraduate,1531,-35.4618,148.983
Australian Capital Territory,2017,Domestic,Continuing,Female,Undergraduate,4846,-35.4618,148.983
Australian Capital Territory,2018,Domestic,Continuing,Female,Undergraduate,5105,-35.4618,148.983
Australian Capital Territory,2019,Domestic,Continuing,Female,Undergraduate,4693,-35.4618,148.983
Australian Capital Territory,2020,Domestic,Continuing,Female,Undergraduate,5061,-35.4618,148.983
Australian Capital Territory,2021,Domestic,Continuing,Female,Undergraduate,4935,-35.4618,148.983
Australian Capital Territory,2017,Domestic,Continuing,Male,Postgraduate,927,-35.4618,148.983
Australian Capital Territory,2018,Domestic,Continuing,Male,Postgraduate,888,-35.4618,148.983
Australian Capital Territory,2019,Domestic,Continuing,Male,Postgraduate,989,-35.4618,148.983
Australian Capital Territory,2020,Domestic,Continuing,Male,Postgraduate,937,-35.4618,148.983
Australian Capital Territory,2021,Domestic,Continuing,Male,Postgraduate,991,-35.4618,148.983
Australian Capital Territory,2017,Domestic,Continuing,Male,Undergraduate,4330,-35.4618,148.983
Australian Capital Territory,2018,Domestic,Continuing,Male,Undergraduate,4676,-35.4618,148.983
Australian Capital Territory,2019,Domestic,Continuing,Male,Undergraduate,4326,-35.4618,148.983
Australian Capital Territory,2020,Domestic,Continuing,Male,Undergraduate,4464,-35.4618,148.983
Australian Capital Territory,2021,Domestic,Continuing,Male,Undergraduate,4312,-35.4618,148.983
Australian Capital Territory,2017,Domestic,Finishing,Female,Postgraduate,1802,-35.4618,148.983
Australian Capital Territory,2018,Domestic,Finishing,Female,Postgraduate,1527,-35.4618,148.983
Australian Capital Territory,2019,Domestic,Finishing,Female,Postgraduate,1343,-35.4618,148.983
Australian Capital Territory,2020,Domestic,Finishing,Female,Postgraduate,1471,-35.4618,148.983
Australian Capital Territory,2021,Domestic,Finishing,Female,Postgraduate,1194,-35.4618,148.983
Australian Capital Territory,2017,Domestic,Finishing,Female,Undergraduate,2084,-35.4618,148.983
Australian Capital Territory,2018,Domestic,Finishing,Female,Undergraduate,2199,-35.4618,148.983
Australian Capital Territory,2019,Domestic,Finishing,Female,Undergraduate,2360,-35.4618,148.983
Australian Capital Territory,2020,Domestic,Finishing,Female,Undergraduate,2325,-35.4618,148.983
Australian Capital Territory,2021,Domestic,Finishing,Female,Undergraduate,2348,-35.4618,148.983
Australian Capital Territory,2017,Domestic,Finishing,Male,Postgraduate,1419,-35.4618,148.983
Australian Capital Territory,2018,Domestic,Finishing,Male,Postgraduate,1269,-35.4618,148.983
Australian Capital Territory,2019,Domestic,Finishing,Male,Postgraduate,1083,-35.4618,148.983
Australian Capital Territory,2020,Domestic,Finishing,Male,Postgraduate,1068,-35.4618,148.983
Australian Capital Territory,2021,Domestic,Finishing,Male,Postgraduate,1032,-35.4618,148.983
Australian Capital Territory,2017,Domestic,Finishing,Male,Undergraduate,1641,-35.4618,148.983
Australian Capital Territory,2018,Domestic,Finishing,Male,Undergraduate,1672,-35.4618,148.983
Australian Capital Territory,2019,Domestic,Finishing,Male,Undergraduate,1803,-35.4618,148.983
Australian Capital Territory,2020,Domestic,Finishing,Male,Undergraduate,1857,-35.4618,148.983
Australian Capital Territory,2021,Domestic,Finishing,Male,Undergraduate,1809,-35.4618,148.983
Australian Capital Territory,2017,International,Beginning,Female,Postgraduate,1916,-35.4618,148.983
Australian Capital Territory,2018,International,Beginning,Female,Postgraduate,2403,-35.4618,148.983
Australian Capital Territory,2019,International,Beginning,Female,Postgraduate,1997,-35.4618,148.983
Australian Capital Territory,2020,International,Beginning,Female,Postgraduate,1562,-35.4618,148.983
Australian Capital Territory,2021,International,Beginning,Female,Postgraduate,1627,-35.4618,148.983
Australian Capital Territory,2017,International,Beginning,Female,Undergraduate,1002,-35.4618,148.983
Australian Capital Territory,2018,International,Beginning,Female,Undergraduate,1000,-35.4618,148.983
Australian Capital Territory,2019,International,Beginning,Female,Undergraduate,913,-35.4618,148.983
Australian Capital Territory,2020,International,Beginning,Female,Undergraduate,686,-35.4618,148.983
Australian Capital Territory,2021,International,Beginning,Female,Undergraduate,624,-35.4618,148.983
Australian Capital Territory,2017,International,Beginning,Male,Postgraduate,1595,-35.4618,148.983
Australian Capital Territory,2018,International,Beginning,Male,Postgraduate,2016,-35.4618,148.983
Australian Capital Territory,2019,International,Beginning,Male,Postgraduate,1761,-35.4618,148.983
Australian Capital Territory,2020,International,Beginning,Male,Postgraduate,1427,-35.4618,148.983
Australian Capital Territory,2021,International,Beginning,Male,Postgraduate,1501,-35.4618,148.983
Australian Capital Territory,2017,International,Beginning,Male,Undergraduate,1045,-35.4618,148.983
Australian Capital Territory,2018,International,Beginning,Male,Undergraduate,1060,-35.4618,148.983
Australian Capital Territory,2019,International,Beginning,Male,Undergraduate,987,-35.4618,148.983
Australian Capital Territory,2020,International,Beginning,Male,Undergraduate,636,-35.4618,148.983
Australian Capital Territory,2021,International,Beginning,Male,Undergraduate,669,-35.4618,148.983
Australian Capital Territory,2017,International,Continuing,Female,Postgraduate,404,-35.4618,148.983
Australian Capital Territory,2018,International,Continuing,Female,Postgraduate,437,-35.4618,148.983
Australian Capital Territory,2019,International,Continuing,Female,Postgraduate,699,-35.4618,148.983
Australian Capital Territory,2020,International,Continuing,Female,Postgraduate,742,-35.4618,148.983
Australian Capital Territory,2021,International,Continuing,Female,Postgraduate,692,-35.4618,148.983
Australian Capital Territory,2017,International,Continuing,Female,Undergraduate,845,-35.4618,148.983
Australian Capital Territory,2018,International,Continuing,Female,Undergraduate,857,-35.4618,148.983
Australian Capital Territory,2019,International,Continuing,Female,Undergraduate,920,-35.4618,148.983
Australian Capital Territory,2020,International,Continuing,Female,Undergraduate,968,-35.4618,148.983
Australian Capital Territory,2021,International,Continuing,Female,Undergraduate,868,-35.4618,148.983
Australian Capital Territory,2017,International,Continuing,Male,Postgraduate,562,-35.4618,148.983
Australian Capital Territory,2018,International,Continuing,Male,Postgraduate,574,-35.4618,148.983
Australian Capital Territory,2019,International,Continuing,Male,Postgraduate,855,-35.4618,148.983
Australian Capital Territory,2020,International,Continuing,Male,Postgraduate,926,-35.4618,148.983
Australian Capital Territory,2021,International,Continuing,Male,Postgraduate,825,-35.4618,148.983
Australian Capital Territory,2017,International,Continuing,Male,Undergraduate,892,-35.4618,148.983
Australian Capital Territory,2018,International,Continuing,Male,Undergraduate,899,-35.4618,148.983
Australian Capital Territory,2019,International,Continuing,Male,Undergraduate,1030,-35.4618,148.983
Australian Capital Territory,2020,International,Continuing,Male,Undergraduate,1040,-35.4618,148.983
Australian Capital Territory,2021,International,Continuing,Male,Undergraduate,794,-35.4618,148.983
Australian Capital Territory,2017,International,Finishing,Female,Postgraduate,1292,-35.4618,148.983
Australian Capital Territory,2018,International,Finishing,Female,Postgraduate,1645,-35.4618,148.983
Australian Capital Territory,2019,International,Finishing,Female,Postgraduate,1816,-35.4618,148.983
Australian Capital Territory,2020,International,Finishing,Female,Postgraduate,1682,-35.4618,148.983
Australian Capital Territory,2021,International,Finishing,Female,Postgraduate,1485,-35.4618,148.983
Australian Capital Territory,2017,International,Finishing,Female,Undergraduate,644,-35.4618,148.983
Australian Capital Territory,2018,International,Finishing,Female,Undergraduate,745,-35.4618,148.983
Australian Capital Territory,2019,International,Finishing,Female,Undergraduate,792,-35.4618,148.983
Australian Capital Territory,2020,International,Finishing,Female,Undergraduate,647,-35.4618,148.983
Australian Capital Territory,2021,International,Finishing,Female,Undergraduate,653,-35.4618,148.983
Australian Capital Territory,2017,International,Finishing,Male,Postgraduate,1291,-35.4618,148.983
Australian Capital Territory,2018,International,Finishing,Male,Postgraduate,1385,-35.4618,148.983
Australian Capital Territory,2019,International,Finishing,Male,Postgraduate,1473,-35.4618,148.983
Australian Capital Territory,2020,International,Finishing,Male,Postgraduate,1457,-35.4618,148.983
Australian Capital Territory,2021,International,Finishing,Male,Postgraduate,1376,-35.4618,148.983
Australian Capital Territory,2017,International,Finishing,Male,Undergraduate,679,-35.4618,148.983
Australian Capital Territory,2018,International,Finishing,Male,Undergraduate,726,-35.4618,148.983
Australian Capital Territory,2019,International,Finishing,Male,Undergraduate,700,-35.4618,148.983
Australian Capital Territory,2020,International,Finishing,Male,Undergraduate,676,-35.4618,148.983
Australian Capital Territory,2021,International,Finishing,Male,Undergraduate,703,-35.4618,148.983
New South Wales,2017,Domestic,Beginning,Female,Postgraduate,15656,-32.4751,146.781
New South Wales,2018,Domestic,Beginning,Female,Postgraduate,15634,-32.4751,146.781
New South Wales,2019,Domestic,Beginning,Female,Postgraduate,15802,-32.4751,146.781
New South Wales,2020,Domestic,Beginning,Female,Postgraduate,18970,-32.4751,146.781
New South Wales,2021,Domestic,Beginning,Female,Postgraduate,18805,-32.4751,146.781
New South Wales,2017,Domestic,Beginning,Female,Undergraduate,42464,-32.4751,146.781
New South Wales,2018,Domestic,Beginning,Female,Undergraduate,42919,-32.4751,146.781
New South Wales,2019,Domestic,Beginning,Female,Undergraduate,42443,-32.4751,146.781
New South Wales,2020,Domestic,Beginning,Female,Undergraduate,44637,-32.4751,146.781
New South Wales,2021,Domestic,Beginning,Female,Undergraduate,45544,-32.4751,146.781
New South Wales,2017,Domestic,Beginning,Male,Postgraduate,10920,-32.4751,146.781
New South Wales,2018,Domestic,Beginning,Male,Postgraduate,10310,-32.4751,146.781
New South Wales,2019,Domestic,Beginning,Male,Postgraduate,10528,-32.4751,146.781
New South Wales,2020,Domestic,Beginning,Male,Postgraduate,13007,-32.4751,146.781
New South Wales,2021,Domestic,Beginning,Male,Postgraduate,13230,-32.4751,146.781
New South Wales,2017,Domestic,Beginning,Male,Undergraduate,32401,-32.4751,146.781
New South Wales,2018,Domestic,Beginning,Male,Undergraduate,31874,-32.4751,146.781
New South Wales,2019,Domestic,Beginning,Male,Undergraduate,30876,-32.4751,146.781
New South Wales,2020,Domestic,Beginning,Male,Undergraduate,32147,-32.4751,146.781
New South Wales,2021,Domestic,Beginning,Male,Undergraduate,32989,-32.4751,146.781
New South Wales,2017,Domestic,Continuing,Female,Postgraduate,12707,-32.4751,146.781
New South Wales,2018,Domestic,Continuing,Female,Postgraduate,13046,-32.4751,146.781
New South Wales,2019,Domestic,Continuing,Female,Postgraduate,12332,-32.4751,146.781
New South Wales,2020,Domestic,Continuing,Female,Postgraduate,12997,-32.4751,146.781
New South Wales,2021,Domestic,Continuing,Female,Postgraduate,14330,-32.4751,146.781
New South Wales,2017,Domestic,Continuing,Female,Undergraduate,57985,-32.4751,146.781
New South Wales,2018,Domestic,Continuing,Female,Undergraduate,58697,-32.4751,146.781
New South Wales,2019,Domestic,Continuing,Female,Undergraduate,60039,-32.4751,146.781
New South Wales,2020,Domestic,Continuing,Female,Undergraduate,61445,-32.4751,146.781
New South Wales,2021,Domestic,Continuing,Female,Undergraduate,64052,-32.4751,146.781
New South Wales,2017,Domestic,Continuing,Male,Postgraduate,10641,-32.4751,146.781
New South Wales,2018,Domestic,Continuing,Male,Postgraduate,10479,-32.4751,146.781
New South Wales,2019,Domestic,Continuing,Male,Postgraduate,9714,-32.4751,146.781
New South Wales,2020,Domestic,Continuing,Male,Postgraduate,9334,-32.4751,146.781
New South Wales,2021,Domestic,Continuing,Male,Postgraduate,9914,-32.4751,146.781
New South Wales,2017,Domestic,Continuing,Male,Undergraduate,48576,-32.4751,146.781
New South Wales,2018,Domestic,Continuing,Male,Undergraduate,49398,-32.4751,146.781
New South Wales,2019,Domestic,Continuing,Male,Undergraduate,49739,-32.4751,146.781
New South Wales,2020,Domestic,Continuing,Male,Undergraduate,49625,-32.4751,146.781
New South Wales,2021,Domestic,Continuing,Male,Undergraduate,51009,-32.4751,146.781
New South Wales,2017,Domestic,Finishing,Female,Postgraduate,11304,-32.4751,146.781
New South Wales,2018,Domestic,Finishing,Female,Postgraduate,10945,-32.4751,146.781
New South Wales,2019,Domestic,Finishing,Female,Postgraduate,11444,-32.4751,146.781
New South Wales,2020,Domestic,Finishing,Female,Postgraduate,11267,-32.4751,146.781
New South Wales,2021,Domestic,Finishing,Female,Postgraduate,12102,-32.4751,146.781
New South Wales,2017,Domestic,Finishing,Female,Undergraduate,23248,-32.4751,146.781
New South Wales,2018,Domestic,Finishing,Female,Undergraduate,23287,-32.4751,146.781
New South Wales,2019,Domestic,Finishing,Female,Undergraduate,23474,-32.4751,146.781
New South Wales,2020,Domestic,Finishing,Female,Undergraduate,22799,-32.4751,146.781
New South Wales,2021,Domestic,Finishing,Female,Undergraduate,22451,-32.4751,146.781
New South Wales,2017,Domestic,Finishing,Male,Postgraduate,8229,-32.4751,146.781
New South Wales,2018,Domestic,Finishing,Male,Postgraduate,7888,-32.4751,146.781
New South Wales,2019,Domestic,Finishing,Male,Postgraduate,8014,-32.4751,146.781
New South Wales,2020,Domestic,Finishing,Male,Postgraduate,8131,-32.4751,146.781
New South Wales,2021,Domestic,Finishing,Male,Postgraduate,8437,-32.4751,146.781
New South Wales,2017,Domestic,Finishing,Male,Undergraduate,16679,-32.4751,146.781
New South Wales,2018,Domestic,Finishing,Male,Undergraduate,17149,-32.4751,146.781
New South Wales,2019,Domestic,Finishing,Male,Undergraduate,17136,-32.4751,146.781
New South Wales,2020,Domestic,Finishing,Male,Undergraduate,17069,-32.4751,146.781
New South Wales,2021,Domestic,Finishing,Male,Undergraduate,16268,-32.4751,146.781
New South Wales,2017,International,Beginning,Female,Postgraduate,13613,-32.4751,146.781
New South Wales,2018,International,Beginning,Female,Postgraduate,14656,-32.4751,146.781
New South Wales,2019,International,Beginning,Female,Postgraduate,16243,-32.4751,146.781
New South Wales,2020,International,Beginning,Female,Postgraduate,12989,-32.4751,146.781
New South Wales,2021,International,Beginning,Female,Postgraduate,11695,-32.4751,146.781
New South Wales,2017,International,Beginning,Female,Undergraduate,9500,-32.4751,146.781
New South Wales,2018,International,Beginning,Female,Undergraduate,9886,-32.4751,146.781
New South Wales,2019,International,Beginning,Female,Undergraduate,10968,-32.4751,146.781
New South Wales,2020,International,Beginning,Female,Undergraduate,9404,-32.4751,146.781
New South Wales,2021,International,Beginning,Female,Undergraduate,9160,-32.4751,146.781
New South Wales,2017,International,Beginning,Male,Postgraduate,15405,-32.4751,146.781
New South Wales,2018,International,Beginning,Male,Postgraduate,15180,-32.4751,146.781
New South Wales,2019,International,Beginning,Male,Postgraduate,16333,-32.4751,146.781
New South Wales,2020,International,Beginning,Male,Postgraduate,11815,-32.4751,146.781
New South Wales,2021,International,Beginning,Male,Postgraduate,10241,-32.4751,146.781
New South Wales,2017,International,Beginning,Male,Undergraduate,9602,-32.4751,146.781
New South Wales,2018,International,Beginning,Male,Undergraduate,10148,-32.4751,146.781
New South Wales,2019,International,Beginning,Male,Undergraduate,10977,-32.4751,146.781
New South Wales,2020,International,Beginning,Male,Undergraduate,9621,-32.4751,146.781
New South Wales,2021,International,Beginning,Male,Undergraduate,8980,-32.4751,146.781
New South Wales,2017,International,Continuing,Female,Postgraduate,4011,-32.4751,146.781
New South Wales,2018,International,Continuing,Female,Postgraduate,4521,-32.4751,146.781
New South Wales,2019,International,Continuing,Female,Postgraduate,4896,-32.4751,146.781
New South Wales,2020,International,Continuing,Female,Postgraduate,6682,-32.4751,146.781
New South Wales,2021,International,Continuing,Female,Postgraduate,3418,-32.4751,146.781
New South Wales,2017,International,Continuing,Female,Undergraduate,7840,-32.4751,146.781
New South Wales,2018,International,Continuing,Female,Undergraduate,9156,-32.4751,146.781
New South Wales,2019,International,Continuing,Female,Undergraduate,9797,-32.4751,146.781
New South Wales,2020,International,Continuing,Female,Undergraduate,10911,-32.4751,146.781
New South Wales,2021,International,Continuing,Female,Undergraduate,10776,-32.4751,146.781
New South Wales,2017,International,Continuing,Male,Postgraduate,6798,-32.4751,146.781
New South Wales,2018,International,Continuing,Male,Postgraduate,7535,-32.4751,146.781
New South Wales,2019,International,Continuing,Male,Postgraduate,7302,-32.4751,146.781
New South Wales,2020,International,Continuing,Male,Postgraduate,7573,-32.4751,146.781
New South Wales,2021,International,Continuing,Male,Postgraduate,4016,-32.4751,146.781
New South Wales,2017,International,Continuing,Male,Undergraduate,9672,-32.4751,146.781
New South Wales,2018,International,Continuing,Male,Undergraduate,10809,-32.4751,146.781
New South Wales,2019,International,Continuing,Male,Undergraduate,11714,-32.4751,146.781
New South Wales,2020,International,Continuing,Male,Undergraduate,11818,-32.4751,146.781
New South Wales,2021,International,Continuing,Male,Undergraduate,12208,-32.4751,146.781
New South Wales,2017,International,Finishing,Female,Postgraduate,9040,-32.4751,146.781
New South Wales,2018,International,Finishing,Female,Postgraduate,10859,-32.4751,146.781
New South Wales,2019,International,Finishing,Female,Postgraduate,11740,-32.4751,146.781
New South Wales,2020,International,Finishing,Female,Postgraduate,11112,-32.4751,146.781
New South Wales,2021,International,Finishing,Female,Postgraduate,13942,-32.4751,146.781
New South Wales,2017,International,Finishing,Female,Undergraduate,5576,-32.4751,146.781
New South Wales,2018,International,Finishing,Female,Undergraduate,6476,-32.4751,146.781
New South Wales,2019,International,Finishing,Female,Undergraduate,7261,-32.4751,146.781
New South Wales,2020,International,Finishing,Female,Undergraduate,6923,-32.4751,146.781
New South Wales,2021,International,Finishing,Female,Undergraduate,7691,-32.4751,146.781
New South Wales,2017,International,Finishing,Male,Postgraduate,8609,-32.4751,146.781
New South Wales,2018,International,Finishing,Male,Postgraduate,10893,-32.4751,146.781
New South Wales,2019,International,Finishing,Male,Postgraduate,11743,-32.4751,146.781
New South Wales,2020,International,Finishing,Male,Postgraduate,11296,-32.4751,146.781
New South Wales,2021,International,Finishing,Male,Postgraduate,12376,-32.4751,146.781
New South Wales,2017,International,Finishing,Male,Undergraduate,4814,-32.4751,146.781
New South Wales,2018,International,Finishing,Male,Undergraduate,5366,-32.4751,146.781
New South Wales,2019,International,Finishing,Male,Undergraduate,6098,-32.4751,146.781
New South Wales,2020,International,Finishing,Male,Undergraduate,6365,-32.4751,146.781
New South Wales,2021,International,Finishing,Male,Undergraduate,6768,-32.4751,146.781
Northern Territory,2017,Domestic,Beginning,Female,Postgraduate,333,-20.1026,133.78
Northern Territory,2018,Domestic,Beginning,Female,Postgraduate,398,-20.1026,133.78
Northern Territory,2019,Domestic,Beginning,Female,Postgraduate,420,-20.1026,133.78
Northern Territory,2020,Domestic,Beginning,Female,Postgraduate,757,-20.1026,133.78
Northern Territory,2021,Domestic,Beginning,Female,Postgraduate,587,-20.1026,133.78
Northern Territory,2017,Domestic,Beginning,Female,Undergraduate,1646,-20.1026,133.78
Northern Territory,2018,Domestic,Beginning,Female,Undergraduate,1807,-20.1026,133.78
Northern Territory,2019,Domestic,Beginning,Female,Undergraduate,1922,-20.1026,133.78
Northern Territory,2020,Domestic,Beginning,Female,Undergraduate,2362,-20.1026,133.78
Northern Territory,2021,Domestic,Beginning,Female,Undergraduate,2822,-20.1026,133.78
Northern Territory,2017,Domestic,Beginning,Male,Postgraduate,91,-20.1026,133.78
Northern Territory,2018,Domestic,Beginning,Male,Postgraduate,144,-20.1026,133.78
Northern Territory,2019,Domestic,Beginning,Male,Postgraduate,225,-20.1026,133.78
Northern Territory,2020,Domestic,Beginning,Male,Postgraduate,229,-20.1026,133.78
Northern Territory,2021,Domestic,Beginning,Male,Postgraduate,186,-20.1026,133.78
Northern Territory,2017,Domestic,Beginning,Male,Undergraduate,637,-20.1026,133.78
Northern Territory,2018,Domestic,Beginning,Male,Undergraduate,631,-20.1026,133.78
Northern Territory,2019,Domestic,Beginning,Male,Undergraduate,713,-20.1026,133.78
Northern Territory,2020,Domestic,Beginning,Male,Undergraduate,750,-20.1026,133.78
Northern Territory,2021,Domestic,Beginning,Male,Undergraduate,742,-20.1026,133.78
Northern Territory,2017,Domestic,Continuing,Female,Postgraduate,289,-20.1026,133.78
Northern Territory,2018,Domestic,Continuing,Female,Postgraduate,241,-20.1026,133.78
Northern Territory,2019,Domestic,Continuing,Female,Postgraduate,340,-20.1026,133.78
Northern Territory,2020,Domestic,Continuing,Female,Postgraduate,126,-20.1026,133.78
Northern Territory,2021,Domestic,Continuing,Female,Postgraduate,351,-20.1026,133.78
Northern Territory,2017,Domestic,Continuing,Female,Undergraduate,2606,-20.1026,133.78
Northern Territory,2018,Domestic,Continuing,Female,Undergraduate,2743,-20.1026,133.78
Northern Territory,2019,Domestic,Continuing,Female,Undergraduate,2844,-20.1026,133.78
Northern Territory,2020,Domestic,Continuing,Female,Undergraduate,3096,-20.1026,133.78
Northern Territory,2021,Domestic,Continuing,Female,Undergraduate,3540,-20.1026,133.78
Northern Territory,2017,Domestic,Continuing,Male,Postgraduate,112,-20.1026,133.78
Northern Territory,2018,Domestic,Continuing,Male,Postgraduate,120,-20.1026,133.78
Northern Territory,2019,Domestic,Continuing,Male,Postgraduate,169,-20.1026,133.78
Northern Territory,2020,Domestic,Continuing,Male,Postgraduate,128,-20.1026,133.78
Northern Territory,2021,Domestic,Continuing,Male,Postgraduate,181,-20.1026,133.78
Northern Territory,2017,Domestic,Continuing,Male,Undergraduate,962,-20.1026,133.78
Northern Territory,2018,Domestic,Continuing,Male,Undergraduate,941,-20.1026,133.78
Northern Territory,2019,Domestic,Continuing,Male,Undergraduate,1039,-20.1026,133.78
Northern Territory,2020,Domestic,Continuing,Male,Undergraduate,1038,-20.1026,133.78
Northern Territory,2021,Domestic,Continuing,Male,Undergraduate,1192,-20.1026,133.78
Northern Territory,2017,Domestic,Finishing,Female,Postgraduate,197,-20.1026,133.78
Northern Territory,2018,Domestic,Finishing,Female,Postgraduate,215,-20.1026,133.78
Northern Territory,2019,Domestic,Finishing,Female,Postgraduate,229,-20.1026,133.78
Northern Territory,2020,Domestic,Finishing,Female,Postgraduate,451,-20.1026,133.78
Northern Territory,2021,Domestic,Finishing,Female,Postgraduate,324,-20.1026,133.78
Northern Territory,2017,Domestic,Finishing,Female,Undergraduate,684,-20.1026,133.78
Northern Territory,2018,Domestic,Finishing,Female,Undergraduate,676,-20.1026,133.78
Northern Territory,2019,Domestic,Finishing,Female,Undergraduate,806,-20.1026,133.78
Northern Territory,2020,Domestic,Finishing,Female,Undergraduate,785,-20.1026,133.78
Northern Territory,2021,Domestic,Finishing,Female,Undergraduate,965,-20.1026,133.78
Northern Territory,2017,Domestic,Finishing,Male,Postgraduate,85,-20.1026,133.78
Northern Territory,2018,Domestic,Finishing,Male,Postgraduate,62,-20.1026,133.78
Northern Territory,2019,Domestic,Finishing,Male,Postgraduate,58,-20.1026,133.78
Northern Territory,2020,Domestic,Finishing,Male,Postgraduate,128,-20.1026,133.78
Northern Territory,2021,Domestic,Finishing,Male,Postgraduate,94,-20.1026,133.78
Northern Territory,2017,Domestic,Finishing,Male,Undergraduate,225,-20.1026,133.78
Northern Territory,2018,Domestic,Finishing,Male,Undergraduate,235,-20.1026,133.78
Northern Territory,2019,Domestic,Finishing,Male,Undergraduate,227,-20.1026,133.78
Northern Territory,2020,Domestic,Finishing,Male,Undergraduate,282,-20.1026,133.78
Northern Territory,2021,Domestic,Finishing,Male,Undergraduate,283,-20.1026,133.78
Northern Territory,2017,International,Beginning,Female,Postgraduate,214,-20.1026,133.78
Northern Territory,2018,International,Beginning,Female,Postgraduate,159,-20.1026,133.78
Northern Territory,2019,International,Beginning,Female,Postgraduate,240,-20.1026,133.78
Northern Territory,2020,International,Beginning,Female,Postgraduate,271,-20.1026,133.78
Northern Territory,2021,International,Beginning,Female,Postgraduate,215,-20.1026,133.78
Northern Territory,2017,International,Beginning,Female,Undergraduate,179,-20.1026,133.78
Northern Territory,2018,International,Beginning,Female,Undergraduate,151,-20.1026,133.78
Northern Territory,2019,International,Beginning,Female,Undergraduate,191,-20.1026,133.78
Northern Territory,2020,International,Beginning,Female,Undergraduate,170,-20.1026,133.78
Northern Territory,2021,International,Beginning,Female,Undergraduate,111,-20.1026,133.78
Northern Territory,2017,International,Beginning,Male,Postgraduate,250,-20.1026,133.78
Northern Territory,2018,International,Beginning,Male,Postgraduate,202,-20.1026,133.78
Northern Territory,2019,International,Beginning,Male,Postgraduate,197,-20.1026,133.78
Northern Territory,2020,International,Beginning,Male,Postgraduate,261,-20.1026,133.78
Northern Territory,2021,International,Beginning,Male,Postgraduate,160,-20.1026,133.78
Northern Territory,2017,International,Beginning,Male,Undergraduate,220,-20.1026,133.78
Northern Territory,2018,International,Beginning,Male,Undergraduate,173,-20.1026,133.78
Northern Territory,2019,International,Beginning,Male,Undergraduate,132,-20.1026,133.78
Northern Territory,2020,International,Beginning,Male,Undergraduate,142,-20.1026,133.78
Northern Territory,2021,International,Beginning,Male,Undergraduate,132,-20.1026,133.78
Northern Territory,2017,International,Continuing,Female,Postgraduate,149,-20.1026,133.78
Northern Territory,2018,International,Continuing,Female,Postgraduate,91,-20.1026,133.78
Northern Territory,2019,International,Continuing,Female,Postgraduate,111,-20.1026,133.78
Northern Territory,2020,International,Continuing,Female,Postgraduate,147,-20.1026,133.78
Northern Territory,2021,International,Continuing,Female,Postgraduate,162,-20.1026,133.78
Northern Territory,2017,International,Continuing,Female,Undergraduate,251,-20.1026,133.78
Northern Territory,2018,International,Continuing,Female,Undergraduate,265,-20.1026,133.78
Northern Territory,2019,International,Continuing,Female,Undergraduate,219,-20.1026,133.78
Northern Territory,2020,International,Continuing,Female,Undergraduate,215,-20.1026,133.78
Northern Territory,2021,International,Continuing,Female,Undergraduate,230,-20.1026,133.78
Northern Territory,2017,International,Continuing,Male,Postgraduate,203,-20.1026,133.78
Northern Territory,2018,International,Continuing,Male,Postgraduate,150,-20.1026,133.78
Northern Territory,2019,International,Continuing,Male,Postgraduate,162,-20.1026,133.78
Northern Territory,2020,International,Continuing,Male,Postgraduate,141,-20.1026,133.78
Northern Territory,2021,International,Continuing,Male,Postgraduate,131,-20.1026,133.78
Northern Territory,2017,International,Continuing,Male,Undergraduate,275,-20.1026,133.78
Northern Territory,2018,International,Continuing,Male,Undergraduate,257,-20.1026,133.78
Northern Territory,2019,International,Continuing,Male,Undergraduate,242,-20.1026,133.78
Northern Territory,2020,International,Continuing,Male,Undergraduate,188,-20.1026,133.78
Northern Territory,2021,International,Continuing,Male,Undergraduate,171,-20.1026,133.78
Northern Territory,2017,International,Finishing,Female,Postgraduate,110,-20.1026,133.78
Northern Territory,2018,International,Finishing,Female,Postgraduate,163,-20.1026,133.78
Northern Territory,2019,International,Finishing,Female,Postgraduate,112,-20.1026,133.78
Northern Territory,2020,International,Finishing,Female,Postgraduate,132,-20.1026,133.78
Northern Territory,2021,International,Finishing,Female,Postgraduate,210,-20.1026,133.78
Northern Territory,2017,International,Finishing,Female,Undergraduate,108,-20.1026,133.78
Northern Territory,2018,International,Finishing,Female,Undergraduate,96,-20.1026,133.78
Northern Territory,2019,International,Finishing,Female,Undergraduate,136,-20.1026,133.78
Northern Territory,2020,International,Finishing,Female,Undergraduate,118,-20.1026,133.78
Northern Territory,2021,International,Finishing,Female,Undergraduate,108,-20.1026,133.78
Northern Territory,2017,International,Finishing,Male,Postgraduate,186,-20.1026,133.78
Northern Territory,2018,International,Finishing,Male,Postgraduate,187,-20.1026,133.78
Northern Territory,2019,International,Finishing,Male,Postgraduate,148,-20.1026,133.78
Northern Territory,2020,International,Finishing,Male,Postgraduate,179,-20.1026,133.78
Northern Territory,2021,International,Finishing,Male,Postgraduate,230,-20.1026,133.78
Northern Territory,2017,International,Finishing,Male,Undergraduate,96,-20.1026,133.78
Northern Territory,2018,International,Finishing,Male,Undergraduate,94,-20.1026,133.78
Northern Territory,2019,International,Finishing,Male,Undergraduate,121,-20.1026,133.78
Northern Territory,2020,International,Finishing,Male,Undergraduate,125,-20.1026,133.78
Northern Territory,2021,International,Finishing,Male,Undergraduate,136,-20.1026,133.78
Queensland,2017,Domestic,Beginning,Female,Postgraduate,8758,-23.1364,144.778
Queensland,2018,Domestic,Beginning,Female,Postgraduate,8889,-23.1364,144.778
Queensland,2019,Domestic,Beginning,Female,Postgraduate,9409,-23.1364,144.778
Queensland,2020,Domestic,Beginning,Female,Postgraduate,12113,-23.1364,144.778
Queensland,2021,Domestic,Beginning,Female,Postgraduate,12937,-23.1364,144.778
Queensland,2017,Domestic,Beginning,Female,Undergraduate,29187,-23.1364,144.778
Queensland,2018,Domestic,Beginning,Female,Undergraduate,28844,-23.1364,144.778
Queensland,2019,Domestic,Beginning,Female,Undergraduate,28699,-23.1364,144.778
Queensland,2020,Domestic,Beginning,Female,Undergraduate,28272,-23.1364,144.778
Queensland,2021,Domestic,Beginning,Female,Undergraduate,29651,-23.1364,144.778
Queensland,2017,Domestic,Beginning,Male,Postgraduate,5729,-23.1364,144.778
Queensland,2018,Domestic,Beginning,Male,Postgraduate,5265,-23.1364,144.778
Queensland,2019,Domestic,Beginning,Male,Postgraduate,5523,-23.1364,144.778
Queensland,2020,Domestic,Beginning,Male,Postgraduate,6556,-23.1364,144.778
Queensland,2021,Domestic,Beginning,Male,Postgraduate,6618,-23.1364,144.778
Queensland,2017,Domestic,Beginning,Male,Undergraduate,20136,-23.1364,144.778
Queensland,2018,Domestic,Beginning,Male,Undergraduate,19885,-23.1364,144.778
Queensland,2019,Domestic,Beginning,Male,Undergraduate,19436,-23.1364,144.778
Queensland,2020,Domestic,Beginning,Male,Undergraduate,18728,-23.1364,144.778
Queensland,2021,Domestic,Beginning,Male,Undergraduate,19417,-23.1364,144.778
Queensland,2017,Domestic,Continuing,Female,Postgraduate,5076,-23.1364,144.778
Queensland,2018,Domestic,Continuing,Female,Postgraduate,5702,-23.1364,144.778
Queensland,2019,Domestic,Continuing,Female,Postgraduate,6000,-23.1364,144.778
Queensland,2020,Domestic,Continuing,Female,Postgraduate,6473,-23.1364,144.778
Queensland,2021,Domestic,Continuing,Female,Postgraduate,6576,-23.1364,144.778
Queensland,2017,Domestic,Continuing,Female,Undergraduate,40106,-23.1364,144.778
Queensland,2018,Domestic,Continuing,Female,Undergraduate,40759,-23.1364,144.778
Queensland,2019,Domestic,Continuing,Female,Undergraduate,41291,-23.1364,144.778
Queensland,2020,Domestic,Continuing,Female,Undergraduate,42748,-23.1364,144.778
Queensland,2021,Domestic,Continuing,Female,Undergraduate,42187,-23.1364,144.778
Queensland,2017,Domestic,Continuing,Male,Postgraduate,3748,-23.1364,144.778
Queensland,2018,Domestic,Continuing,Male,Postgraduate,4168,-23.1364,144.778
Queensland,2019,Domestic,Continuing,Male,Postgraduate,4320,-23.1364,144.778
Queensland,2020,Domestic,Continuing,Male,Postgraduate,4515,-23.1364,144.778
Queensland,2021,Domestic,Continuing,Male,Postgraduate,4655,-23.1364,144.778
Queensland,2017,Domestic,Continuing,Male,Undergraduate,30296,-23.1364,144.778
Queensland,2018,Domestic,Continuing,Male,Undergraduate,30286,-23.1364,144.778
Queensland,2019,Domestic,Continuing,Male,Undergraduate,30328,-23.1364,144.778
Queensland,2020,Domestic,Continuing,Male,Undergraduate,30949,-23.1364,144.778
Queensland,2021,Domestic,Continuing,Male,Undergraduate,30334,-23.1364,144.778
Queensland,2017,Domestic,Finishing,Female,Postgraduate,6783,-23.1364,144.778
Queensland,2018,Domestic,Finishing,Female,Postgraduate,6201,-23.1364,144.778
Queensland,2019,Domestic,Finishing,Female,Postgraduate,6403,-23.1364,144.778
Queensland,2020,Domestic,Finishing,Female,Postgraduate,6830,-23.1364,144.778
Queensland,2021,Domestic,Finishing,Female,Postgraduate,8391,-23.1364,144.778
Queensland,2017,Domestic,Finishing,Female,Undergraduate,15356,-23.1364,144.778
Queensland,2018,Domestic,Finishing,Female,Undergraduate,15387,-23.1364,144.778
Queensland,2019,Domestic,Finishing,Female,Undergraduate,15461,-23.1364,144.778
Queensland,2020,Domestic,Finishing,Female,Undergraduate,14818,-23.1364,144.778
Queensland,2021,Domestic,Finishing,Female,Undergraduate,16070,-23.1364,144.778
Queensland,2017,Domestic,Finishing,Male,Postgraduate,4422,-23.1364,144.778
Queensland,2018,Domestic,Finishing,Male,Postgraduate,4039,-23.1364,144.778
Queensland,2019,Domestic,Finishing,Male,Postgraduate,4052,-23.1364,144.778
Queensland,2020,Domestic,Finishing,Male,Postgraduate,4255,-23.1364,144.778
Queensland,2021,Domestic,Finishing,Male,Postgraduate,4673,-23.1364,144.778
Queensland,2017,Domestic,Finishing,Male,Undergraduate,10158,-23.1364,144.778
Queensland,2018,Domestic,Finishing,Male,Undergraduate,10153,-23.1364,144.778
Queensland,2019,Domestic,Finishing,Male,Undergraduate,9904,-23.1364,144.778
Queensland,2020,Domestic,Finishing,Male,Undergraduate,9460,-23.1364,144.778
Queensland,2021,Domestic,Finishing,Male,Undergraduate,9835,-23.1364,144.778
Queensland,2017,International,Beginning,Female,Postgraduate,5814,-23.1364,144.778
Queensland,2018,International,Beginning,Female,Postgraduate,6805,-23.1364,144.778
Queensland,2019,International,Beginning,Female,Postgraduate,7219,-23.1364,144.778
Queensland,2020,International,Beginning,Female,Postgraduate,5553,-23.1364,144.778
Queensland,2021,International,Beginning,Female,Postgraduate,4582,-23.1364,144.778
Queensland,2017,International,Beginning,Female,Undergraduate,4885,-23.1364,144.778
Queensland,2018,International,Beginning,Female,Undergraduate,5287,-23.1364,144.778
Queensland,2019,International,Beginning,Female,Undergraduate,5724,-23.1364,144.778
Queensland,2020,International,Beginning,Female,Undergraduate,4989,-23.1364,144.778
Queensland,2021,International,Beginning,Female,Undergraduate,3893,-23.1364,144.778
Queensland,2017,International,Beginning,Male,Postgraduate,6966,-23.1364,144.778
Queensland,2018,International,Beginning,Male,Postgraduate,8304,-23.1364,144.778
Queensland,2019,International,Beginning,Male,Postgraduate,8717,-23.1364,144.778
Queensland,2020,International,Beginning,Male,Postgraduate,5232,-23.1364,144.778
Queensland,2021,International,Beginning,Male,Postgraduate,3939,-23.1364,144.778
Queensland,2017,International,Beginning,Male,Undergraduate,4477,-23.1364,144.778
Queensland,2018,International,Beginning,Male,Undergraduate,4688,-23.1364,144.778
Queensland,2019,International,Beginning,Male,Undergraduate,5153,-23.1364,144.778
Queensland,2020,International,Beginning,Male,Undergraduate,4119,-23.1364,144.778
Queensland,2021,International,Beginning,Male,Undergraduate,3400,-23.1364,144.778
Queensland,2017,International,Continuing,Female,Postgraduate,1900,-23.1364,144.778
Queensland,2018,International,Continuing,Female,Postgraduate,2370,-23.1364,144.778
Queensland,2019,International,Continuing,Female,Postgraduate,2617,-23.1364,144.778
Queensland,2020,International,Continuing,Female,Postgraduate,3106,-23.1364,144.778
Queensland,2021,International,Continuing,Female,Postgraduate,2418,-23.1364,144.778
Queensland,2017,International,Continuing,Female,Undergraduate,3536,-23.1364,144.778
Queensland,2018,International,Continuing,Female,Undergraduate,3703,-23.1364,144.778
Queensland,2019,International,Continuing,Female,Undergraduate,4187,-23.1364,144.778
Queensland,2020,International,Continuing,Female,Undergraduate,4979,-23.1364,144.778
Queensland,2021,International,Continuing,Female,Undergraduate,4764,-23.1364,144.778
Queensland,2017,International,Continuing,Male,Postgraduate,3395,-23.1364,144.778
Queensland,2018,International,Continuing,Male,Postgraduate,3970,-23.1364,144.778
Queensland,2019,International,Continuing,Male,Postgraduate,4177,-23.1364,144.778
Queensland,2020,International,Continuing,Male,Postgraduate,3936,-23.1364,144.778
Queensland,2021,International,Continuing,Male,Postgraduate,2482,-23.1364,144.778
Queensland,2017,International,Continuing,Male,Undergraduate,3563,-23.1364,144.778
Queensland,2018,International,Continuing,Male,Undergraduate,3612,-23.1364,144.778
Queensland,2019,International,Continuing,Male,Undergraduate,3816,-23.1364,144.778
Queensland,2020,International,Continuing,Male,Undergraduate,4409,-23.1364,144.778
Queensland,2021,International,Continuing,Male,Undergraduate,4012,-23.1364,144.778
Queensland,2017,International,Finishing,Female,Postgraduate,4073,-23.1364,144.778
Queensland,2018,International,Finishing,Female,Postgraduate,4740,-23.1364,144.778
Queensland,2019,International,Finishing,Female,Postgraduate,5622,-23.1364,144.778
Queensland,2020,International,Finishing,Female,Postgraduate,5403,-23.1364,144.778
Queensland,2021,International,Finishing,Female,Postgraduate,5688,-23.1364,144.778
Queensland,2017,International,Finishing,Female,Undergraduate,3745,-23.1364,144.778
Queensland,2018,International,Finishing,Female,Undergraduate,3884,-23.1364,144.778
Queensland,2019,International,Finishing,Female,Undergraduate,4128,-23.1364,144.778
Queensland,2020,International,Finishing,Female,Undergraduate,3715,-23.1364,144.778
Queensland,2021,International,Finishing,Female,Undergraduate,4106,-23.1364,144.778
Queensland,2017,International,Finishing,Male,Postgraduate,4397,-23.1364,144.778
Queensland,2018,International,Finishing,Male,Postgraduate,4941,-23.1364,144.778
Queensland,2019,International,Finishing,Male,Postgraduate,6028,-23.1364,144.778
Queensland,2020,International,Finishing,Male,Postgraduate,6199,-23.1364,144.778
Queensland,2021,International,Finishing,Male,Postgraduate,5806,-23.1364,144.778
Queensland,2017,International,Finishing,Male,Undergraduate,3098,-23.1364,144.778
Queensland,2018,International,Finishing,Male,Undergraduate,3143,-23.1364,144.778
Queensland,2019,International,Finishing,Male,Undergraduate,3310,-23.1364,144.778
Queensland,2020,International,Finishing,Male,Undergraduate,2873,-23.1364,144.778
Queensland,2021,International,Finishing,Male,Undergraduate,3164,-23.1364,144.778
South Australia,2017,Domestic,Beginning,Female,Postgraduate,3936,-29.6504,135.783
South Australia,2018,Domestic,Beginning,Female,Postgraduate,3857,-29.6504,135.783
South Australia,2019,Domestic,Beginning,Female,Postgraduate,4061,-29.6504,135.783
South Australia,2020,Domestic,Beginning,Female,Postgraduate,5029,-29.6504,135.783
South Australia,2021,Domestic,Beginning,Female,Postgraduate,5007,-29.6504,135.783
South Australia,2017,Domestic,Beginning,Female,Undergraduate,12382,-29.6504,135.783
South Australia,2018,Domestic,Beginning,Female,Undergraduate,13779,-29.6504,135.783
South Australia,2019,Domestic,Beginning,Female,Undergraduate,14127,-29.6504,135.783
South Australia,2020,Domestic,Beginning,Female,Undergraduate,16576,-29.6504,135.783
South Australia,2021,Domestic,Beginning,Female,Undergraduate,16262,-29.6504,135.783
South Australia,2017,Domestic,Beginning,Male,Postgraduate,2021,-29.6504,135.783
South Australia,2018,Domestic,Beginning,Male,Postgraduate,2012,-29.6504,135.783
South Australia,2019,Domestic,Beginning,Male,Postgraduate,2123,-29.6504,135.783
South Australia,2020,Domestic,Beginning,Male,Postgraduate,2514,-29.6504,135.783
South Australia,2021,Domestic,Beginning,Male,Postgraduate,2631,-29.6504,135.783
South Australia,2017,Domestic,Beginning,Male,Undergraduate,8022,-29.6504,135.783
South Australia,2018,Domestic,Beginning,Male,Undergraduate,8674,-29.6504,135.783
South Australia,2019,Domestic,Beginning,Male,Undergraduate,8343,-29.6504,135.783
South Australia,2020,Domestic,Beginning,Male,Undergraduate,8860,-29.6504,135.783
South Australia,2021,Domestic,Beginning,Male,Undergraduate,9365,-29.6504,135.783
South Australia,2017,Domestic,Continuing,Female,Postgraduate,2475,-29.6504,135.783
South Australia,2018,Domestic,Continuing,Female,Postgraduate,2674,-29.6504,135.783
South Australia,2019,Domestic,Continuing,Female,Postgraduate,2549,-29.6504,135.783
South Australia,2020,Domestic,Continuing,Female,Postgraduate,2846,-29.6504,135.783
South Australia,2021,Domestic,Continuing,Female,Postgraduate,2917,-29.6504,135.783
South Australia,2017,Domestic,Continuing,Female,Undergraduate,12963,-29.6504,135.783
South Australia,2018,Domestic,Continuing,Female,Undergraduate,13229,-29.6504,135.783
South Australia,2019,Domestic,Continuing,Female,Undergraduate,14853,-29.6504,135.783
South Australia,2020,Domestic,Continuing,Female,Undergraduate,15863,-29.6504,135.783
South Australia,2021,Domestic,Continuing,Female,Undergraduate,17115,-29.6504,135.783
South Australia,2017,Domestic,Continuing,Male,Postgraduate,1588,-29.6504,135.783
South Australia,2018,Domestic,Continuing,Male,Postgraduate,1616,-29.6504,135.783
South Australia,2019,Domestic,Continuing,Male,Postgraduate,1579,-29.6504,135.783
South Australia,2020,Domestic,Continuing,Male,Postgraduate,1598,-29.6504,135.783
South Australia,2021,Domestic,Continuing,Male,Postgraduate,1739,-29.6504,135.783
South Australia,2017,Domestic,Continuing,Male,Undergraduate,10101,-29.6504,135.783
South Australia,2018,Domestic,Continuing,Male,Undergraduate,10143,-29.6504,135.783
South Australia,2019,Domestic,Continuing,Male,Undergraduate,10737,-29.6504,135.783
South Australia,2020,Domestic,Continuing,Male,Undergraduate,11199,-29.6504,135.783
South Australia,2021,Domestic,Continuing,Male,Undergraduate,11085,-29.6504,135.783
South Australia,2017,Domestic,Finishing,Female,Postgraduate,2843,-29.6504,135.783
South Australia,2018,Domestic,Finishing,Female,Postgraduate,2858,-29.6504,135.783
South Australia,2019,Domestic,Finishing,Female,Postgraduate,2960,-29.6504,135.783
South Australia,2020,Domestic,Finishing,Female,Postgraduate,2844,-29.6504,135.783
South Australia,2021,Domestic,Finishing,Female,Postgraduate,3467,-29.6504,135.783
South Australia,2017,Domestic,Finishing,Female,Undergraduate,6547,-29.6504,135.783
South Australia,2018,Domestic,Finishing,Female,Undergraduate,7148,-29.6504,135.783
South Australia,2019,Domestic,Finishing,Female,Undergraduate,6904,-29.6504,135.783
South Australia,2020,Domestic,Finishing,Female,Undergraduate,7151,-29.6504,135.783
South Australia,2021,Domestic,Finishing,Female,Undergraduate,7927,-29.6504,135.783
South Australia,2017,Domestic,Finishing,Male,Postgraduate,1676,-29.6504,135.783
South Australia,2018,Domestic,Finishing,Male,Postgraduate,1695,-29.6504,135.783
South Australia,2019,Domestic,Finishing,Male,Postgraduate,1612,-29.6504,135.783
South Australia,2020,Domestic,Finishing,Male,Postgraduate,1614,-29.6504,135.783
South Australia,2021,Domestic,Finishing,Male,Postgraduate,1804,-29.6504,135.783
South Australia,2017,Domestic,Finishing,Male,Undergraduate,4314,-29.6504,135.783
South Australia,2018,Domestic,Finishing,Male,Undergraduate,4506,-29.6504,135.783
South Australia,2019,Domestic,Finishing,Male,Undergraduate,4385,-29.6504,135.783
South Australia,2020,Domestic,Finishing,Male,Undergraduate,4375,-29.6504,135.783
South Australia,2021,Domestic,Finishing,Male,Undergraduate,4535,-29.6504,135.783
South Australia,2017,International,Beginning,Female,Postgraduate,2709,-29.6504,135.783
South Australia,2018,International,Beginning,Female,Postgraduate,3306,-29.6504,135.783
South Australia,2019,International,Beginning,Female,Postgraduate,4475,-29.6504,135.783
South Australia,2020,International,Beginning,Female,Postgraduate,4785,-29.6504,135.783
South Australia,2021,International,Beginning,Female,Postgraduate,2819,-29.6504,135.783
South Australia,2017,International,Beginning,Female,Undergraduate,2159,-29.6504,135.783
South Australia,2018,International,Beginning,Female,Undergraduate,2621,-29.6504,135.783
South Australia,2019,International,Beginning,Female,Undergraduate,2666,-29.6504,135.783
South Australia,2020,International,Beginning,Female,Undergraduate,3187,-29.6504,135.783
South Australia,2021,International,Beginning,Female,Undergraduate,2485,-29.6504,135.783
South Australia,2017,International,Beginning,Male,Postgraduate,2464,-29.6504,135.783
South Australia,2018,International,Beginning,Male,Postgraduate,3097,-29.6504,135.783
South Australia,2019,International,Beginning,Male,Postgraduate,5000,-29.6504,135.783
South Australia,2020,International,Beginning,Male,Postgraduate,5083,-29.6504,135.783
South Australia,2021,International,Beginning,Male,Postgraduate,2834,-29.6504,135.783
South Australia,2017,International,Beginning,Male,Undergraduate,2144,-29.6504,135.783
South Australia,2018,International,Beginning,Male,Undergraduate,2315,-29.6504,135.783
South Australia,2019,International,Beginning,Male,Undergraduate,2538,-29.6504,135.783
South Australia,2020,International,Beginning,Male,Undergraduate,3121,-29.6504,135.783
South Australia,2021,International,Beginning,Male,Undergraduate,2647,-29.6504,135.783
South Australia,2017,International,Continuing,Female,Postgraduate,1133,-29.6504,135.783
South Australia,2018,International,Continuing,Female,Postgraduate,1212,-29.6504,135.783
South Australia,2019,International,Continuing,Female,Postgraduate,1706,-29.6504,135.783
South Australia,2020,International,Continuing,Female,Postgraduate,2024,-29.6504,135.783
South Australia,2021,International,Continuing,Female,Postgraduate,1831,-29.6504,135.783
South Australia,2017,International,Continuing,Female,Undergraduate,1850,-29.6504,135.783
South Australia,2018,International,Continuing,Female,Undergraduate,1790,-29.6504,135.783
South Australia,2019,International,Continuing,Female,Undergraduate,2362,-29.6504,135.783
South Australia,2020,International,Continuing,Female,Undergraduate,2134,-29.6504,135.783
South Australia,2021,International,Continuing,Female,Undergraduate,2461,-29.6504,135.783
South Australia,2017,International,Continuing,Male,Postgraduate,1272,-29.6504,135.783
South Australia,2018,International,Continuing,Male,Postgraduate,1376,-29.6504,135.783
South Australia,2019,International,Continuing,Male,Postgraduate,1711,-29.6504,135.783
South Australia,2020,International,Continuing,Male,Postgraduate,2458,-29.6504,135.783
South Australia,2021,International,Continuing,Male,Postgraduate,2175,-29.6504,135.783
South Australia,2017,International,Continuing,Male,Undergraduate,1925,-29.6504,135.783
South Australia,2018,International,Continuing,Male,Undergraduate,2287,-29.6504,135.783
South Australia,2019,International,Continuing,Male,Undergraduate,2634,-29.6504,135.783
South Australia,2020,International,Continuing,Male,Undergraduate,2460,-29.6504,135.783
South Australia,2021,International,Continuing,Male,Undergraduate,2890,-29.6504,135.783
South Australia,2017,International,Finishing,Female,Postgraduate,1657,-29.6504,135.783
South Australia,2018,International,Finishing,Female,Postgraduate,2062,-29.6504,135.783
South Australia,2019,International,Finishing,Female,Postgraduate,2215,-29.6504,135.783
South Australia,2020,International,Finishing,Female,Postgraduate,2879,-29.6504,135.783
South Australia,2021,International,Finishing,Female,Postgraduate,3928,-29.6504,135.783
South Australia,2017,International,Finishing,Female,Undergraduate,1308,-29.6504,135.783
South Australia,2018,International,Finishing,Female,Undergraduate,1696,-29.6504,135.783
South Australia,2019,International,Finishing,Female,Undergraduate,1750,-29.6504,135.783
South Australia,2020,International,Finishing,Female,Undergraduate,1708,-29.6504,135.783
South Australia,2021,International,Finishing,Female,Undergraduate,1972,-29.6504,135.783
South Australia,2017,International,Finishing,Male,Postgraduate,1624,-29.6504,135.783
South Australia,2018,International,Finishing,Male,Postgraduate,1818,-29.6504,135.783
South Australia,2019,International,Finishing,Male,Postgraduate,2062,-29.6504,135.783
South Australia,2020,International,Finishing,Male,Postgraduate,2495,-29.6504,135.783
South Australia,2021,International,Finishing,Male,Postgraduate,3978,-29.6504,135.783
South Australia,2017,International,Finishing,Male,Undergraduate,1203,-29.6504,135.783
South Australia,2018,International,Finishing,Male,Undergraduate,1192,-29.6504,135.783
South Australia,2019,International,Finishing,Male,Undergraduate,1274,-29.6504,135.783
South Australia,2020,International,Finishing,Male,Undergraduate,1331,-29.6504,135.783
South Australia,2021,International,Finishing,Male,Undergraduate,1594,-29.6504,135.783
Tasmania,2017,Domestic,Beginning,Female,Postgraduate,1148,-42.1383,146.603
Tasmania,2018,Domestic,Beginning,Female,Postgraduate,1191,-42.1383,146.603
Tasmania,2019,Domestic,Beginning,Female,Postgraduate,1262,-42.1383,146.603
Tasmania,2020,Domestic,Beginning,Female,Postgraduate,1898,-42.1383,146.603
Tasmania,2021,Domestic,Beginning,Female,Postgraduate,2745,-42.1383,146.603
Tasmania,2017,Domestic,Beginning,Female,Undergraduate,9468,-42.1383,146.603
Tasmania,2018,Domestic,Beginning,Female,Undergraduate,8128,-42.1383,146.603
Tasmania,2019,Domestic,Beginning,Female,Undergraduate,7755,-42.1383,146.603
Tasmania,2020,Domestic,Beginning,Female,Undergraduate,10579,-42.1383,146.603
Tasmania,2021,Domestic,Beginning,Female,Undergraduate,6272,-42.1383,146.603
Tasmania,2017,Domestic,Beginning,Male,Postgraduate,422,-42.1383,146.603
Tasmania,2018,Domestic,Beginning,Male,Postgraduate,403,-42.1383,146.603
Tasmania,2019,Domestic,Beginning,Male,Postgraduate,460,-42.1383,146.603
Tasmania,2020,Domestic,Beginning,Male,Postgraduate,763,-42.1383,146.603
Tasmania,2021,Domestic,Beginning,Male,Postgraduate,752,-42.1383,146.603
Tasmania,2017,Domestic,Beginning,Male,Undergraduate,4475,-42.1383,146.603
Tasmania,2018,Domestic,Beginning,Male,Undergraduate,3294,-42.1383,146.603
Tasmania,2019,Domestic,Beginning,Male,Undergraduate,3175,-42.1383,146.603
Tasmania,2020,Domestic,Beginning,Male,Undergraduate,4319,-42.1383,146.603
Tasmania,2021,Domestic,Beginning,Male,Undergraduate,2885,-42.1383,146.603
Tasmania,2017,Domestic,Continuing,Female,Postgraduate,1282,-42.1383,146.603
Tasmania,2018,Domestic,Continuing,Female,Postgraduate,1335,-42.1383,146.603
Tasmania,2019,Domestic,Continuing,Female,Postgraduate,1339,-42.1383,146.603
Tasmania,2020,Domestic,Continuing,Female,Postgraduate,1373,-42.1383,146.603
Tasmania,2021,Domestic,Continuing,Female,Postgraduate,1718,-42.1383,146.603
Tasmania,2017,Domestic,Continuing,Female,Undergraduate,6251,-42.1383,146.603
Tasmania,2018,Domestic,Continuing,Female,Undergraduate,6266,-42.1383,146.603
Tasmania,2019,Domestic,Continuing,Female,Undergraduate,6301,-42.1383,146.603
Tasmania,2020,Domestic,Continuing,Female,Undergraduate,6645,-42.1383,146.603
Tasmania,2021,Domestic,Continuing,Female,Undergraduate,7317,-42.1383,146.603
Tasmania,2017,Domestic,Continuing,Male,Postgraduate,790,-42.1383,146.603
Tasmania,2018,Domestic,Continuing,Male,Postgraduate,752,-42.1383,146.603
Tasmania,2019,Domestic,Continuing,Male,Postgraduate,748,-42.1383,146.603
Tasmania,2020,Domestic,Continuing,Male,Postgraduate,734,-42.1383,146.603
Tasmania,2021,Domestic,Continuing,Male,Postgraduate,862,-42.1383,146.603
Tasmania,2017,Domestic,Continuing,Male,Undergraduate,2950,-42.1383,146.603
Tasmania,2018,Domestic,Continuing,Male,Undergraduate,2803,-42.1383,146.603
Tasmania,2019,Domestic,Continuing,Male,Undergraduate,2653,-42.1383,146.603
Tasmania,2020,Domestic,Continuing,Male,Undergraduate,2797,-42.1383,146.603
Tasmania,2021,Domestic,Continuing,Male,Undergraduate,3249,-42.1383,146.603
Tasmania,2017,Domestic,Finishing,Female,Postgraduate,2002,-42.1383,146.603
Tasmania,2018,Domestic,Finishing,Female,Postgraduate,3019,-42.1383,146.603
Tasmania,2019,Domestic,Finishing,Female,Postgraduate,3178,-42.1383,146.603
Tasmania,2020,Domestic,Finishing,Female,Postgraduate,3037,-42.1383,146.603
Tasmania,2021,Domestic,Finishing,Female,Postgraduate,3767,-42.1383,146.603
Tasmania,2017,Domestic,Finishing,Female,Undergraduate,2350,-42.1383,146.603
Tasmania,2018,Domestic,Finishing,Female,Undergraduate,2556,-42.1383,146.603
Tasmania,2019,Domestic,Finishing,Female,Undergraduate,2460,-42.1383,146.603
Tasmania,2020,Domestic,Finishing,Female,Undergraduate,2397,-42.1383,146.603
Tasmania,2021,Domestic,Finishing,Female,Undergraduate,2651,-42.1383,146.603
Tasmania,2017,Domestic,Finishing,Male,Postgraduate,571,-42.1383,146.603
Tasmania,2018,Domestic,Finishing,Male,Postgraduate,674,-42.1383,146.603
Tasmania,2019,Domestic,Finishing,Male,Postgraduate,756,-42.1383,146.603
Tasmania,2020,Domestic,Finishing,Male,Postgraduate,707,-42.1383,146.603
Tasmania,2021,Domestic,Finishing,Male,Postgraduate,863,-42.1383,146.603
Tasmania,2017,Domestic,Finishing,Male,Undergraduate,1241,-42.1383,146.603
Tasmania,2018,Domestic,Finishing,Male,Undergraduate,1376,-42.1383,146.603
Tasmania,2019,Domestic,Finishing,Male,Undergraduate,1347,-42.1383,146.603
Tasmania,2020,Domestic,Finishing,Male,Undergraduate,1184,-42.1383,146.603
Tasmania,2021,Domestic,Finishing,Male,Undergraduate,1402,-42.1383,146.603
Tasmania,2017,International,Beginning,Female,Postgraduate,820,-42.1383,146.603
Tasmania,2018,International,Beginning,Female,Postgraduate,816,-42.1383,146.603
Tasmania,2019,International,Beginning,Female,Postgraduate,958,-42.1383,146.603
Tasmania,2020,International,Beginning,Female,Postgraduate,692,-42.1383,146.603
Tasmania,2021,International,Beginning,Female,Postgraduate,428,-42.1383,146.603
Tasmania,2017,International,Beginning,Female,Undergraduate,652,-42.1383,146.603
Tasmania,2018,International,Beginning,Female,Undergraduate,701,-42.1383,146.603
Tasmania,2019,International,Beginning,Female,Undergraduate,675,-42.1383,146.603
Tasmania,2020,International,Beginning,Female,Undergraduate,728,-42.1383,146.603
Tasmania,2021,International,Beginning,Female,Undergraduate,503,-42.1383,146.603
Tasmania,2017,International,Beginning,Male,Postgraduate,750,-42.1383,146.603
Tasmania,2018,International,Beginning,Male,Postgraduate,867,-42.1383,146.603
Tasmania,2019,International,Beginning,Male,Postgraduate,1068,-42.1383,146.603
Tasmania,2020,International,Beginning,Male,Postgraduate,670,-42.1383,146.603
Tasmania,2021,International,Beginning,Male,Postgraduate,380,-42.1383,146.603
Tasmania,2017,International,Beginning,Male,Undergraduate,709,-42.1383,146.603
Tasmania,2018,International,Beginning,Male,Undergraduate,726,-42.1383,146.603
Tasmania,2019,International,Beginning,Male,Undergraduate,764,-42.1383,146.603
Tasmania,2020,International,Beginning,Male,Undergraduate,825,-42.1383,146.603
Tasmania,2021,International,Beginning,Male,Undergraduate,509,-42.1383,146.603
Tasmania,2017,International,Continuing,Female,Postgraduate,127,-42.1383,146.603
Tasmania,2018,International,Continuing,Female,Postgraduate,283,-42.1383,146.603
Tasmania,2019,International,Continuing,Female,Postgraduate,403,-42.1383,146.603
Tasmania,2020,International,Continuing,Female,Postgraduate,422,-42.1383,146.603
Tasmania,2021,International,Continuing,Female,Postgraduate,304,-42.1383,146.603
Tasmania,2017,International,Continuing,Female,Undergraduate,610,-42.1383,146.603
Tasmania,2018,International,Continuing,Female,Undergraduate,672,-42.1383,146.603
Tasmania,2019,International,Continuing,Female,Undergraduate,637,-42.1383,146.603
Tasmania,2020,International,Continuing,Female,Undergraduate,620,-42.1383,146.603
Tasmania,2021,International,Continuing,Female,Undergraduate,504,-42.1383,146.603
Tasmania,2017,International,Continuing,Male,Postgraduate,268,-42.1383,146.603
Tasmania,2018,International,Continuing,Male,Postgraduate,381,-42.1383,146.603
Tasmania,2019,International,Continuing,Male,Postgraduate,546,-42.1383,146.603
Tasmania,2020,International,Continuing,Male,Postgraduate,423,-42.1383,146.603
Tasmania,2021,International,Continuing,Male,Postgraduate,278,-42.1383,146.603
Tasmania,2017,International,Continuing,Male,Undergraduate,665,-42.1383,146.603
Tasmania,2018,International,Continuing,Male,Undergraduate,681,-42.1383,146.603
Tasmania,2019,International,Continuing,Male,Undergraduate,646,-42.1383,146.603
Tasmania,2020,International,Continuing,Male,Undergraduate,735,-42.1383,146.603
Tasmania,2021,International,Continuing,Male,Undergraduate,680,-42.1383,146.603
Tasmania,2017,International,Finishing,Female,Postgraduate,472,-42.1383,146.603
Tasmania,2018,International,Finishing,Female,Postgraduate,620,-42.1383,146.603
Tasmania,2019,International,Finishing,Female,Postgraduate,680,-42.1383,146.603
Tasmania,2020,International,Finishing,Female,Postgraduate,827,-42.1383,146.603
Tasmania,2021,International,Finishing,Female,Postgraduate,712,-42.1383,146.603
Tasmania,2017,International,Finishing,Female,Undergraduate,470,-42.1383,146.603
Tasmania,2018,International,Finishing,Female,Undergraduate,481,-42.1383,146.603
Tasmania,2019,International,Finishing,Female,Undergraduate,584,-42.1383,146.603
Tasmania,2020,International,Finishing,Female,Undergraduate,529,-42.1383,146.603
Tasmania,2021,International,Finishing,Female,Undergraduate,545,-42.1383,146.603
Tasmania,2017,International,Finishing,Male,Postgraduate,400,-42.1383,146.603
Tasmania,2018,International,Finishing,Male,Postgraduate,540,-42.1383,146.603
Tasmania,2019,International,Finishing,Male,Postgraduate,596,-42.1383,146.603
Tasmania,2020,International,Finishing,Male,Postgraduate,883,-42.1383,146.603
Tasmania,2021,International,Finishing,Male,Postgraduate,728,-42.1383,146.603
Tasmania,2017,International,Finishing,Male,Undergraduate,471,-42.1383,146.603
Tasmania,2018,International,Finishing,Male,Undergraduate,491,-42.1383,146.603
Tasmania,2019,International,Finishing,Male,Undergraduate,535,-42.1383,146.603
Tasmania,2020,International,Finishing,Male,Undergraduate,479,-42.1383,146.603
Tasmania,2021,International,Finishing,Male,Undergraduate,503,-42.1383,146.603
Victoria,2017,Domestic,Beginning,Female,Postgraduate,16182,-37.0082,144.75
Victoria,2018,Domestic,Beginning,Female,Postgraduate,16419,-37.0082,144.75
Victoria,2019,Domestic,Beginning,Female,Postgraduate,17004,-37.0082,144.75
Victoria,2020,Domestic,Beginning,Female,Postgraduate,20899,-37.0082,144.75
Victoria,2021,Domestic,Beginning,Female,Postgraduate,21370,-37.0082,144.75
Victoria,2017,Domestic,Beginning,Female,Undergraduate,38042,-37.0082,144.75
Victoria,2018,Domestic,Beginning,Female,Undergraduate,36805,-37.0082,144.75
Victoria,2019,Domestic,Beginning,Female,Undergraduate,35440,-37.0082,144.75
Victoria,2020,Domestic,Beginning,Female,Undergraduate,36844,-37.0082,144.75
Victoria,2021,Domestic,Beginning,Female,Undergraduate,37640,-37.0082,144.75
Victoria,2017,Domestic,Beginning,Male,Postgraduate,10124,-37.0082,144.75
Victoria,2018,Domestic,Beginning,Male,Postgraduate,9713,-37.0082,144.75
Victoria,2019,Domestic,Beginning,Male,Postgraduate,10241,-37.0082,144.75
Victoria,2020,Domestic,Beginning,Male,Postgraduate,13047,-37.0082,144.75
Victoria,2021,Domestic,Beginning,Male,Postgraduate,12444,-37.0082,144.75
Victoria,2017,Domestic,Beginning,Male,Undergraduate,27624,-37.0082,144.75
Victoria,2018,Domestic,Beginning,Male,Undergraduate,27733,-37.0082,144.75
Victoria,2019,Domestic,Beginning,Male,Undergraduate,26398,-37.0082,144.75
Victoria,2020,Domestic,Beginning,Male,Undergraduate,26223,-37.0082,144.75
Victoria,2021,Domestic,Beginning,Male,Undergraduate,26347,-37.0082,144.75
Victoria,2017,Domestic,Continuing,Female,Postgraduate,10290,-37.0082,144.75
Victoria,2018,Domestic,Continuing,Female,Postgraduate,9782,-37.0082,144.75
Victoria,2019,Domestic,Continuing,Female,Postgraduate,10212,-37.0082,144.75
Victoria,2020,Domestic,Continuing,Female,Postgraduate,10630,-37.0082,144.75
Victoria,2021,Domestic,Continuing,Female,Postgraduate,11701,-37.0082,144.75
Victoria,2017,Domestic,Continuing,Female,Undergraduate,47845,-37.0082,144.75
Victoria,2018,Domestic,Continuing,Female,Undergraduate,49492,-37.0082,144.75
Victoria,2019,Domestic,Continuing,Female,Undergraduate,49087,-37.0082,144.75
Victoria,2020,Domestic,Continuing,Female,Undergraduate,50046,-37.0082,144.75
Victoria,2021,Domestic,Continuing,Female,Undergraduate,50755,-37.0082,144.75
Victoria,2017,Domestic,Continuing,Male,Postgraduate,7677,-37.0082,144.75
Victoria,2018,Domestic,Continuing,Male,Postgraduate,7258,-37.0082,144.75
Victoria,2019,Domestic,Continuing,Male,Postgraduate,7429,-37.0082,144.75
Victoria,2020,Domestic,Continuing,Male,Postgraduate,7292,-37.0082,144.75
Victoria,2021,Domestic,Continuing,Male,Postgraduate,7634,-37.0082,144.75
Victoria,2017,Domestic,Continuing,Male,Undergraduate,39159,-37.0082,144.75
Victoria,2018,Domestic,Continuing,Male,Undergraduate,39328,-37.0082,144.75
Victoria,2019,Domestic,Continuing,Male,Undergraduate,39463,-37.0082,144.75
Victoria,2020,Domestic,Continuing,Male,Undergraduate,39754,-37.0082,144.75
Victoria,2021,Domestic,Continuing,Male,Undergraduate,39593,-37.0082,144.75
Victoria,2017,Domestic,Finishing,Female,Postgraduate,12117,-37.0082,144.75
Victoria,2018,Domestic,Finishing,Female,Postgraduate,12559,-37.0082,144.75
Victoria,2019,Domestic,Finishing,Female,Postgraduate,12803,-37.0082,144.75
Victoria,2020,Domestic,Finishing,Female,Postgraduate,12950,-37.0082,144.75
Victoria,2021,Domestic,Finishing,Female,Postgraduate,15737,-37.0082,144.75
Victoria,2017,Domestic,Finishing,Female,Undergraduate,20580,-37.0082,144.75
Victoria,2018,Domestic,Finishing,Female,Undergraduate,21771,-37.0082,144.75
Victoria,2019,Domestic,Finishing,Female,Undergraduate,22214,-37.0082,144.75
Victoria,2020,Domestic,Finishing,Female,Undergraduate,21877,-37.0082,144.75
Victoria,2021,Domestic,Finishing,Female,Undergraduate,24183,-37.0082,144.75
Victoria,2017,Domestic,Finishing,Male,Postgraduate,7635,-37.0082,144.75
Victoria,2018,Domestic,Finishing,Male,Postgraduate,7913,-37.0082,144.75
Victoria,2019,Domestic,Finishing,Male,Postgraduate,7596,-37.0082,144.75
Victoria,2020,Domestic,Finishing,Male,Postgraduate,7904,-37.0082,144.75
Victoria,2021,Domestic,Finishing,Male,Postgraduate,9671,-37.0082,144.75
Victoria,2017,Domestic,Finishing,Male,Undergraduate,15427,-37.0082,144.75
Victoria,2018,Domestic,Finishing,Male,Undergraduate,16050,-37.0082,144.75
Victoria,2019,Domestic,Finishing,Male,Undergraduate,16170,-37.0082,144.75
Victoria,2020,Domestic,Finishing,Male,Undergraduate,15811,-37.0082,144.75
Victoria,2021,Domestic,Finishing,Male,Undergraduate,17185,-37.0082,144.75
Victoria,2017,International,Beginning,Female,Postgraduate,12374,-37.0082,144.75
Victoria,2018,International,Beginning,Female,Postgraduate,15439,-37.0082,144.75
Victoria,2019,International,Beginning,Female,Postgraduate,15533,-37.0082,144.75
Victoria,2020,International,Beginning,Female,Postgraduate,11560,-37.0082,144.75
Victoria,2021,International,Beginning,Female,Postgraduate,9227,-37.0082,144.75
Victoria,2017,International,Beginning,Female,Undergraduate,15715,-37.0082,144.75
Victoria,2018,International,Beginning,Female,Undergraduate,16686,-37.0082,144.75
Victoria,2019,International,Beginning,Female,Undergraduate,16984,-37.0082,144.75
Victoria,2020,International,Beginning,Female,Undergraduate,15794,-37.0082,144.75
Victoria,2021,International,Beginning,Female,Undergraduate,15065,-37.0082,144.75
Victoria,2017,International,Beginning,Male,Postgraduate,12690,-37.0082,144.75
Victoria,2018,International,Beginning,Male,Postgraduate,16518,-37.0082,144.75
Victoria,2019,International,Beginning,Male,Postgraduate,15459,-37.0082,144.75
Victoria,2020,International,Beginning,Male,Postgraduate,9783,-37.0082,144.75
Victoria,2021,International,Beginning,Male,Postgraduate,7088,-37.0082,144.75
Victoria,2017,International,Beginning,Male,Undergraduate,14977,-37.0082,144.75
Victoria,2018,International,Beginning,Male,Undergraduate,16853,-37.0082,144.75
Victoria,2019,International,Beginning,Male,Undergraduate,18182,-37.0082,144.75
Victoria,2020,International,Beginning,Male,Undergraduate,15701,-37.0082,144.75
Victoria,2021,International,Beginning,Male,Undergraduate,14018,-37.0082,144.75
Victoria,2017,International,Continuing,Female,Postgraduate,4752,-37.0082,144.75
Victoria,2018,International,Continuing,Female,Postgraduate,5672,-37.0082,144.75
Victoria,2019,International,Continuing,Female,Postgraduate,7063,-37.0082,144.75
Victoria,2020,International,Continuing,Female,Postgraduate,7986,-37.0082,144.75
Victoria,2021,International,Continuing,Female,Postgraduate,5305,-37.0082,144.75
Victoria,2017,International,Continuing,Female,Undergraduate,12308,-37.0082,144.75
Victoria,2018,International,Continuing,Female,Undergraduate,12887,-37.0082,144.75
Victoria,2019,International,Continuing,Female,Undergraduate,14586,-37.0082,144.75
Victoria,2020,International,Continuing,Female,Undergraduate,15984,-37.0082,144.75
Victoria,2021,International,Continuing,Female,Undergraduate,16969,-37.0082,144.75
Victoria,2017,International,Continuing,Male,Postgraduate,5956,-37.0082,144.75
Victoria,2018,International,Continuing,Male,Postgraduate,7598,-37.0082,144.75
Victoria,2019,International,Continuing,Male,Postgraduate,9368,-37.0082,144.75
Victoria,2020,International,Continuing,Male,Postgraduate,9166,-37.0082,144.75
Victoria,2021,International,Continuing,Male,Postgraduate,5900,-37.0082,144.75
Victoria,2017,International,Continuing,Male,Undergraduate,13678,-37.0082,144.75
Victoria,2018,International,Continuing,Male,Undergraduate,14579,-37.0082,144.75
Victoria,2019,International,Continuing,Male,Undergraduate,16481,-37.0082,144.75
Victoria,2020,International,Continuing,Male,Undergraduate,17845,-37.0082,144.75
Victoria,2021,International,Continuing,Male,Undergraduate,18908,-37.0082,144.75
Victoria,2017,International,Finishing,Female,Postgraduate,8574,-37.0082,144.75
Victoria,2018,International,Finishing,Female,Postgraduate,10076,-37.0082,144.75
Victoria,2019,International,Finishing,Female,Postgraduate,12422,-37.0082,144.75
Victoria,2020,International,Finishing,Female,Postgraduate,12440,-37.0082,144.75
Victoria,2021,International,Finishing,Female,Postgraduate,12269,-37.0082,144.75
Victoria,2017,International,Finishing,Female,Undergraduate,11370,-37.0082,144.75
Victoria,2018,International,Finishing,Female,Undergraduate,12592,-37.0082,144.75
Victoria,2019,International,Finishing,Female,Undergraduate,12869,-37.0082,144.75
Victoria,2020,International,Finishing,Female,Undergraduate,12671,-37.0082,144.75
Victoria,2021,International,Finishing,Female,Undergraduate,12611,-37.0082,144.75
Victoria,2017,International,Finishing,Male,Postgraduate,7484,-37.0082,144.75
Victoria,2018,International,Finishing,Male,Postgraduate,8978,-37.0082,144.75
Victoria,2019,International,Finishing,Male,Postgraduate,11426,-37.0082,144.75
Victoria,2020,International,Finishing,Male,Postgraduate,12151,-37.0082,144.75
Victoria,2021,International,Finishing,Male,Postgraduate,10878,-37.0082,144.75
Victoria,2017,International,Finishing,Male,Undergraduate,9829,-37.0082,144.75
Victoria,2018,International,Finishing,Male,Undergraduate,10517,-37.0082,144.75
Victoria,2019,International,Finishing,Male,Undergraduate,10901,-37.0082,144.75
Victoria,2020,International,Finishing,Male,Undergraduate,11262,-37.0082,144.75
Victoria,2021,International,Finishing,Male,Undergraduate,11119,-37.0082,144.75
Western Australia,2017,Domestic,Beginning,Female,Postgraduate,5247,-25.8483,121.646
Western Australia,2018,Domestic,Beginning,Female,Postgraduate,5078,-25.8483,121.646
Western Australia,2019,Domestic,Beginning,Female,Postgraduate,5133,-25.8483,121.646
Western Australia,2020,Domestic,Beginning,Female,Postgraduate,6341,-25.8483,121.646
Western Australia,2021,Domestic,Beginning,Female,Postgraduate,6542,-25.8483,121.646
Western Australia,2017,Domestic,Beginning,Female,Undergraduate,15209,-25.8483,121.646
Western Australia,2018,Domestic,Beginning,Female,Undergraduate,15345,-25.8483,121.646
Western Australia,2019,Domestic,Beginning,Female,Undergraduate,14560,-25.8483,121.646
Western Australia,2020,Domestic,Beginning,Female,Undergraduate,15379,-25.8483,121.646
Western Australia,2021,Domestic,Beginning,Female,Undergraduate,15591,-25.8483,121.646
Western Australia,2017,Domestic,Beginning,Male,Postgraduate,3637,-25.8483,121.646
Western Australia,2018,Domestic,Beginning,Male,Postgraduate,3296,-25.8483,121.646
Western Australia,2019,Domestic,Beginning,Male,Postgraduate,3302,-25.8483,121.646
Western Australia,2020,Domestic,Beginning,Male,Postgraduate,3682,-25.8483,121.646
Western Australia,2021,Domestic,Beginning,Male,Postgraduate,3721,-25.8483,121.646
Western Australia,2017,Domestic,Beginning,Male,Undergraduate,10306,-25.8483,121.646
Western Australia,2018,Domestic,Beginning,Male,Undergraduate,10418,-25.8483,121.646
Western Australia,2019,Domestic,Beginning,Male,Undergraduate,9896,-25.8483,121.646
Western Australia,2020,Domestic,Beginning,Male,Undergraduate,10098,-25.8483,121.646
Western Australia,2021,Domestic,Beginning,Male,Undergraduate,10152,-25.8483,121.646
Western Australia,2017,Domestic,Continuing,Female,Postgraduate,3040,-25.8483,121.646
Western Australia,2018,Domestic,Continuing,Female,Postgraduate,3148,-25.8483,121.646
Western Australia,2019,Domestic,Continuing,Female,Postgraduate,3215,-25.8483,121.646
Western Australia,2020,Domestic,Continuing,Female,Postgraduate,3395,-25.8483,121.646
Western Australia,2021,Domestic,Continuing,Female,Postgraduate,4078,-25.8483,121.646
Western Australia,2017,Domestic,Continuing,Female,Undergraduate,22517,-25.8483,121.646
Western Australia,2018,Domestic,Continuing,Female,Undergraduate,22382,-25.8483,121.646
Western Australia,2019,Domestic,Continuing,Female,Undergraduate,23728,-25.8483,121.646
Western Australia,2020,Domestic,Continuing,Female,Undergraduate,23827,-25.8483,121.646
Western Australia,2021,Domestic,Continuing,Female,Undergraduate,24889,-25.8483,121.646
Western Australia,2017,Domestic,Continuing,Male,Postgraduate,2755,-25.8483,121.646
Western Australia,2018,Domestic,Continuing,Male,Postgraduate,2757,-25.8483,121.646
Western Australia,2019,Domestic,Continuing,Male,Postgraduate,2718,-25.8483,121.646
Western Australia,2020,Domestic,Continuing,Male,Postgraduate,2814,-25.8483,121.646
Western Australia,2021,Domestic,Continuing,Male,Postgraduate,3001,-25.8483,121.646
Western Australia,2017,Domestic,Continuing,Male,Undergraduate,15084,-25.8483,121.646
Western Australia,2018,Domestic,Continuing,Male,Undergraduate,15288,-25.8483,121.646
Western Australia,2019,Domestic,Continuing,Male,Undergraduate,15772,-25.8483,121.646
Western Australia,2020,Domestic,Continuing,Male,Undergraduate,15880,-25.8483,121.646
Western Australia,2021,Domestic,Continuing,Male,Undergraduate,16015,-25.8483,121.646
Western Australia,2017,Domestic,Finishing,Female,Postgraduate,4340,-25.8483,121.646
Western Australia,2018,Domestic,Finishing,Female,Postgraduate,4127,-25.8483,121.646
Western Australia,2019,Domestic,Finishing,Female,Postgraduate,3908,-25.8483,121.646
Western Australia,2020,Domestic,Finishing,Female,Postgraduate,3986,-25.8483,121.646
Western Australia,2021,Domestic,Finishing,Female,Postgraduate,4328,-25.8483,121.646
Western Australia,2017,Domestic,Finishing,Female,Undergraduate,8657,-25.8483,121.646
Western Australia,2018,Domestic,Finishing,Female,Undergraduate,8662,-25.8483,121.646
Western Australia,2019,Domestic,Finishing,Female,Undergraduate,8079,-25.8483,121.646
Western Australia,2020,Domestic,Finishing,Female,Undergraduate,8307,-25.8483,121.646
Western Australia,2021,Domestic,Finishing,Female,Undergraduate,8524,-25.8483,121.646
Western Australia,2017,Domestic,Finishing,Male,Postgraduate,2969,-25.8483,121.646
Western Australia,2018,Domestic,Finishing,Male,Postgraduate,2803,-25.8483,121.646
Western Australia,2019,Domestic,Finishing,Male,Postgraduate,2592,-25.8483,121.646
Western Australia,2020,Domestic,Finishing,Male,Postgraduate,2582,-25.8483,121.646
Western Australia,2021,Domestic,Finishing,Male,Postgraduate,2782,-25.8483,121.646
Western Australia,2017,Domestic,Finishing,Male,Undergraduate,5403,-25.8483,121.646
Western Australia,2018,Domestic,Finishing,Male,Undergraduate,5121,-25.8483,121.646
Western Australia,2019,Domestic,Finishing,Male,Undergraduate,5144,-25.8483,121.646
Western Australia,2020,Domestic,Finishing,Male,Undergraduate,5249,-25.8483,121.646
Western Australia,2021,Domestic,Finishing,Male,Undergraduate,5538,-25.8483,121.646
Western Australia,2017,International,Beginning,Female,Postgraduate,2336,-25.8483,121.646
Western Australia,2018,International,Beginning,Female,Postgraduate,2594,-25.8483,121.646
Western Australia,2019,International,Beginning,Female,Postgraduate,3065,-25.8483,121.646
Western Australia,2020,International,Beginning,Female,Postgraduate,2138,-25.8483,121.646
Western Australia,2021,International,Beginning,Female,Postgraduate,1462,-25.8483,121.646
Western Australia,2017,International,Beginning,Female,Undergraduate,3877,-25.8483,121.646
Western Australia,2018,International,Beginning,Female,Undergraduate,3884,-25.8483,121.646
Western Australia,2019,International,Beginning,Female,Undergraduate,4066,-25.8483,121.646
Western Australia,2020,International,Beginning,Female,Undergraduate,3466,-25.8483,121.646
Western Australia,2021,International,Beginning,Female,Undergraduate,3548,-25.8483,121.646
Western Australia,2017,International,Beginning,Male,Postgraduate,2461,-25.8483,121.646
Western Australia,2018,International,Beginning,Male,Postgraduate,2573,-25.8483,121.646
Western Australia,2019,International,Beginning,Male,Postgraduate,2976,-25.8483,121.646
Western Australia,2020,International,Beginning,Male,Postgraduate,2229,-25.8483,121.646
Western Australia,2021,International,Beginning,Male,Postgraduate,1389,-25.8483,121.646
Western Australia,2017,International,Beginning,Male,Undergraduate,3863,-25.8483,121.646
Western Australia,2018,International,Beginning,Male,Undergraduate,3755,-25.8483,121.646
Western Australia,2019,International,Beginning,Male,Undergraduate,4080,-25.8483,121.646
Western Australia,2020,International,Beginning,Male,Undergraduate,3517,-25.8483,121.646
Western Australia,2021,International,Beginning,Male,Undergraduate,3398,-25.8483,121.646
Western Australia,2017,International,Continuing,Female,Postgraduate,639,-25.8483,121.646
Western Australia,2018,International,Continuing,Female,Postgraduate,1120,-25.8483,121.646
Western Australia,2019,International,Continuing,Female,Postgraduate,1337,-25.8483,121.646
Western Australia,2020,International,Continuing,Female,Postgraduate,1660,-25.8483,121.646
Western Australia,2021,International,Continuing,Female,Postgraduate,1138,-25.8483,121.646
Western Australia,2017,International,Continuing,Female,Undergraduate,3919,-25.8483,121.646
Western Australia,2018,International,Continuing,Female,Undergraduate,4084,-25.8483,121.646
Western Australia,2019,International,Continuing,Female,Undergraduate,4233,-25.8483,121.646
Western Australia,2020,International,Continuing,Female,Undergraduate,4208,-25.8483,121.646
Western Australia,2021,International,Continuing,Female,Undergraduate,4094,-25.8483,121.646
Western Australia,2017,International,Continuing,Male,Postgraduate,1377,-25.8483,121.646
Western Australia,2018,International,Continuing,Male,Postgraduate,1598,-25.8483,121.646
Western Australia,2019,International,Continuing,Male,Postgraduate,1677,-25.8483,121.646
Western Australia,2020,International,Continuing,Male,Postgraduate,1893,-25.8483,121.646
Western Australia,2021,International,Continuing,Male,Postgraduate,1588,-25.8483,121.646
Western Australia,2017,International,Continuing,Male,Undergraduate,4484,-25.8483,121.646
Western Australia,2018,International,Continuing,Male,Undergraduate,4650,-25.8483,121.646
Western Australia,2019,International,Continuing,Male,Undergraduate,4667,-25.8483,121.646
Western Australia,2020,International,Continuing,Male,Undergraduate,4759,-25.8483,121.646
Western Australia,2021,International,Continuing,Male,Undergraduate,4341,-25.8483,121.646
Western Australia,2017,International,Finishing,Female,Postgraduate,1703,-25.8483,121.646
Western Australia,2018,International,Finishing,Female,Postgraduate,1518,-25.8483,121.646
Western Australia,2019,International,Finishing,Female,Postgraduate,1787,-25.8483,121.646
Western Australia,2020,International,Finishing,Female,Postgraduate,2085,-25.8483,121.646
Western Australia,2021,International,Finishing,Female,Postgraduate,2359,-25.8483,121.646
Western Australia,2017,International,Finishing,Female,Undergraduate,3649,-25.8483,121.646
Western Australia,2018,International,Finishing,Female,Undergraduate,3206,-25.8483,121.646
Western Australia,2019,International,Finishing,Female,Undergraduate,3126,-25.8483,121.646
Western Australia,2020,International,Finishing,Female,Undergraduate,3234,-25.8483,121.646
Western Australia,2021,International,Finishing,Female,Undergraduate,3016,-25.8483,121.646
Western Australia,2017,International,Finishing,Male,Postgraduate,1707,-25.8483,121.646
Western Australia,2018,International,Finishing,Male,Postgraduate,1767,-25.8483,121.646
Western Australia,2019,International,Finishing,Male,Postgraduate,1873,-25.8483,121.646
Western Australia,2020,International,Finishing,Male,Postgraduate,2047,-25.8483,121.646
Western Australia,2021,International,Finishing,Male,Postgraduate,2244,-25.8483,121.646
Western Australia,2017,International,Finishing,Male,Undergraduate,3105,-25.8483,121.646
Western Australia,2018,International,Finishing,Male,Undergraduate,2819,-25.8483,121.646
Western Australia,2019,International,Finishing,Male,Undergraduate,2783,-25.8483,121.646
Western Australia,2020,International,Finishing,Male,Undergraduate,2802,-25.8483,121.646
Western Australia,2021,International,Finishing,Male,Undergraduate,2899,-25.8483,121.646
